{
    "ResNet模型": {
        "分类报告": {
            "0": {
                "precision": 0.7695769576957696,
                "recall": 0.9715909090909091,
                "f1-score": 0.8588648920140632,
                "support": 880.0
            },
            "1": {
                "precision": 0.8798076923076923,
                "recall": 0.4168564920273349,
                "f1-score": 0.5656877897990726,
                "support": 439.0
            },
            "accuracy": 0.7869598180439727,
            "macro avg": {
                "precision": 0.824692325001731,
                "recall": 0.694223700559122,
                "f1-score": 0.712276340906568,
                "support": 1319.0
            },
            "weighted avg": {
                "precision": 0.806264821603756,
                "recall": 0.7869598180439727,
                "f1-score": 0.7612873727779899,
                "support": 1319.0
            }
        },
        "评估时间": "100.54秒"
    },
    "LSTM模型": {
        "分类报告": {
            "0": {
                "precision": 0.7055961070559611,
                "recall": 0.9886363636363636,
                "f1-score": 0.8234737340274492,
                "support": 880.0
            },
            "1": {
                "precision": 0.8837209302325582,
                "recall": 0.17312072892938496,
                "f1-score": 0.2895238095238095,
                "support": 439.0
            },
            "accuracy": 0.7172100075815011,
            "macro avg": {
                "precision": 0.7946585186442596,
                "recall": 0.5808785462828743,
                "f1-score": 0.5564987717756293,
                "support": 1319.0
            },
            "weighted avg": {
                "precision": 0.7648810178781946,
                "recall": 0.7172100075815011,
                "f1-score": 0.6457603019902257,
                "support": 1319.0
            }
        },
        "评估时间": "114.92秒"
    },
    "系统资源使用情况": {
        "CPU使用率": "2.4%",
        "内存使用": "93.1%",
        "GPU信息": "N/A"
    },
    "评估时间": "2025-01-14 13:30:27"
}